aeropuertoLlegada,aeropuertoSalida
EVN,MAD
VIE,MAD
LIS,MAD
ESB,MAD
ANK,MAD
SJJ,MAD
PRG,MAD
TLL,MAD
DUB,MAD
OSL,MAD
RYG,MAD
TBS,MAD
KBP,MAD
IEV,MAD
GML,MAD
SVO,MAD
DME,MAD
ZIA,MAD
VKO,MAD
OSF,MAD
CKL,MAD
CDG,MAD
ORY,MAD
LBG,MAD
PRX,MAD
LHR,MAD
LGW,MAD
LCY,MAD
STN,MAD
BQH,MAD
LTN,MAD
NHT,MAD
LOZ,MAD
YXU,MAD
BRU,MAD
CRL,MAD
LUX,MAD
ARN,MAD
BMA,MAD
BRN,MAD
VNO,MAD
WMI,MAD
WAW,MAD
SKP,MAD
BTS,MAD
TSE,MAD
BEG,MAD
BUD,MAD
CPH,MAD
RKE,MAD
RME,MAD
RMG,MAD
CIA,MAD
FCO,MAD
AMS,MAD
HEM,MAD
HEL,MAD
LJU,MAD
MSQ,MAD
TIA,MAD
SOF,MAD
ECN,MAD
SXF,MAD
TXL,MAD
RIX,MAD
TGD,MAD
BBU,MAD
OTP,MAD
KEF,MAD
ZXT,MAD
GYD,MAD
AHN,MAD
ATH,MAD
KIV,MAD
MLA,MAD
ZAG,MAD
EVN,ECV
VIE,ECV
LIS,ECV
ESB,ECV
ANK,ECV
SJJ,ECV
PRG,ECV
TLL,ECV
DUB,ECV
OSL,ECV
RYG,ECV
TBS,ECV
KBP,ECV
IEV,ECV
GML,ECV
SVO,ECV
DME,ECV
ZIA,ECV
VKO,ECV
OSF,ECV
CKL,ECV
CDG,ECV
ORY,ECV
LBG,ECV
PRX,ECV
LHR,ECV
LGW,ECV
LCY,ECV
STN,ECV
BQH,ECV
LTN,ECV
NHT,ECV
LOZ,ECV
YXU,ECV
BRU,ECV
CRL,ECV
LUX,ECV
ARN,ECV
BMA,ECV
BRN,ECV
VNO,ECV
WMI,ECV
WAW,ECV
SKP,ECV
BTS,ECV
TSE,ECV
BEG,ECV
BUD,ECV
CPH,ECV
RKE,ECV
RME,ECV
RMG,ECV
CIA,ECV
FCO,ECV
AMS,ECV
HEM,ECV
HEL,ECV
LJU,ECV
MSQ,ECV
TIA,ECV
SOF,ECV
ECN,ECV
SXF,ECV
TXL,ECV
RIX,ECV
TGD,ECV
BBU,ECV
OTP,ECV
KEF,ECV
ZXT,ECV
GYD,ECV
AHN,ECV
ATH,ECV
KIV,ECV
MLA,ECV
ZAG,ECV
EVN,TOJ
VIE,TOJ
LIS,TOJ
ESB,TOJ
ANK,TOJ
SJJ,TOJ
PRG,TOJ
TLL,TOJ
DUB,TOJ
OSL,TOJ
RYG,TOJ
TBS,TOJ
KBP,TOJ
IEV,TOJ
GML,TOJ
SVO,TOJ
DME,TOJ
ZIA,TOJ
VKO,TOJ
OSF,TOJ
CKL,TOJ
CDG,TOJ
ORY,TOJ
LBG,TOJ
PRX,TOJ
LHR,TOJ
LGW,TOJ
LCY,TOJ
STN,TOJ
BQH,TOJ
LTN,TOJ
NHT,TOJ
LOZ,TOJ
YXU,TOJ
BRU,TOJ
CRL,TOJ
LUX,TOJ
ARN,TOJ
BMA,TOJ
BRN,TOJ
VNO,TOJ
WMI,TOJ
WAW,TOJ
SKP,TOJ
BTS,TOJ
TSE,TOJ
BEG,TOJ
BUD,TOJ
CPH,TOJ
RKE,TOJ
RME,TOJ
RMG,TOJ
CIA,TOJ
FCO,TOJ
AMS,TOJ
HEM,TOJ
HEL,TOJ
LJU,TOJ
MSQ,TOJ
TIA,TOJ
SOF,TOJ
ECN,TOJ
SXF,TOJ
TXL,TOJ
RIX,TOJ
TGD,TOJ
BBU,TOJ
OTP,TOJ
KEF,TOJ
ZXT,TOJ
GYD,TOJ
AHN,TOJ
ATH,TOJ
KIV,TOJ
MLA,TOJ
ZAG,TOJ
EVN,ABC
VIE,ABC
LIS,ABC
ESB,ABC
ANK,ABC
SJJ,ABC
PRG,ABC
TLL,ABC
DUB,ABC
OSL,ABC
RYG,ABC
TBS,ABC
KBP,ABC
IEV,ABC
GML,ABC
SVO,ABC
DME,ABC
ZIA,ABC
VKO,ABC
OSF,ABC
CKL,ABC
CDG,ABC
ORY,ABC
LBG,ABC
PRX,ABC
LHR,ABC
LGW,ABC
LCY,ABC
STN,ABC
BQH,ABC
LTN,ABC
NHT,ABC
LOZ,ABC
YXU,ABC
BRU,ABC
CRL,ABC
LUX,ABC
ARN,ABC
BMA,ABC
BRN,ABC
VNO,ABC
WMI,ABC
WAW,ABC
SKP,ABC
BTS,ABC
TSE,ABC
BEG,ABC
BUD,ABC
CPH,ABC
RKE,ABC
RME,ABC
RMG,ABC
CIA,ABC
FCO,ABC
AMS,ABC
HEM,ABC
HEL,ABC
LJU,ABC
MSQ,ABC
TIA,ABC
SOF,ABC
ECN,ABC
SXF,ABC
TXL,ABC
RIX,ABC
TGD,ABC
BBU,ABC
OTP,ABC
KEF,ABC
ZXT,ABC
GYD,ABC
AHN,ABC
ATH,ABC
KIV,ABC
MLA,ABC
ZAG,ABC
EVN,ACE
VIE,ACE
LIS,ACE
ESB,ACE
ANK,ACE
SJJ,ACE
PRG,ACE
TLL,ACE
DUB,ACE
OSL,ACE
RYG,ACE
TBS,ACE
KBP,ACE
IEV,ACE
GML,ACE
SVO,ACE
DME,ACE
ZIA,ACE
VKO,ACE
OSF,ACE
CKL,ACE
CDG,ACE
ORY,ACE
LBG,ACE
PRX,ACE
LHR,ACE
LGW,ACE
LCY,ACE
STN,ACE
BQH,ACE
LTN,ACE
NHT,ACE
LOZ,ACE
YXU,ACE
BRU,ACE
CRL,ACE
LUX,ACE
ARN,ACE
BMA,ACE
BRN,ACE
VNO,ACE
WMI,ACE
WAW,ACE
SKP,ACE
BTS,ACE
TSE,ACE
BEG,ACE
BUD,ACE
CPH,ACE
RKE,ACE
RME,ACE
RMG,ACE
CIA,ACE
FCO,ACE
AMS,ACE
HEM,ACE
HEL,ACE
LJU,ACE
MSQ,ACE
TIA,ACE
SOF,ACE
ECN,ACE
SXF,ACE
TXL,ACE
RIX,ACE
TGD,ACE
BBU,ACE
OTP,ACE
KEF,ACE
ZXT,ACE
GYD,ACE
AHN,ACE
ATH,ACE
KIV,ACE
MLA,ACE
ZAG,ACE
EVN,AGP
VIE,AGP
LIS,AGP
ESB,AGP
ANK,AGP
SJJ,AGP
PRG,AGP
TLL,AGP
DUB,AGP
OSL,AGP
RYG,AGP
TBS,AGP
KBP,AGP
IEV,AGP
GML,AGP
SVO,AGP
DME,AGP
ZIA,AGP
VKO,AGP
OSF,AGP
CKL,AGP
CDG,AGP
ORY,AGP
LBG,AGP
PRX,AGP
LHR,AGP
LGW,AGP
LCY,AGP
STN,AGP
BQH,AGP
LTN,AGP
NHT,AGP
LOZ,AGP
YXU,AGP
BRU,AGP
CRL,AGP
LUX,AGP
ARN,AGP
BMA,AGP
BRN,AGP
VNO,AGP
WMI,AGP
WAW,AGP
SKP,AGP
BTS,AGP
TSE,AGP
BEG,AGP
BUD,AGP
CPH,AGP
RKE,AGP
RME,AGP
RMG,AGP
CIA,AGP
FCO,AGP
AMS,AGP
HEM,AGP
HEL,AGP
LJU,AGP
MSQ,AGP
TIA,AGP
SOF,AGP
ECN,AGP
SXF,AGP
TXL,AGP
RIX,AGP
TGD,AGP
BBU,AGP
OTP,AGP
KEF,AGP
ZXT,AGP
GYD,AGP
AHN,AGP
ATH,AGP
KIV,AGP
MLA,AGP
ZAG,AGP
EVN,ALC
VIE,ALC
LIS,ALC
ESB,ALC
ANK,ALC
SJJ,ALC
PRG,ALC
TLL,ALC
DUB,ALC
OSL,ALC
RYG,ALC
TBS,ALC
KBP,ALC
IEV,ALC
GML,ALC
SVO,ALC
DME,ALC
ZIA,ALC
VKO,ALC
OSF,ALC
CKL,ALC
CDG,ALC
ORY,ALC
LBG,ALC
PRX,ALC
LHR,ALC
LGW,ALC
LCY,ALC
STN,ALC
BQH,ALC
LTN,ALC
NHT,ALC
LOZ,ALC
YXU,ALC
BRU,ALC
CRL,ALC
LUX,ALC
ARN,ALC
BMA,ALC
BRN,ALC
VNO,ALC
WMI,ALC
WAW,ALC
SKP,ALC
BTS,ALC
TSE,ALC
BEG,ALC
BUD,ALC
CPH,ALC
RKE,ALC
RME,ALC
RMG,ALC
CIA,ALC
FCO,ALC
AMS,ALC
HEM,ALC
HEL,ALC
LJU,ALC
MSQ,ALC
TIA,ALC
SOF,ALC
ECN,ALC
SXF,ALC
TXL,ALC
RIX,ALC
TGD,ALC
BBU,ALC
OTP,ALC
KEF,ALC
ZXT,ALC
GYD,ALC
AHN,ALC
ATH,ALC
KIV,ALC
MLA,ALC
ZAG,ALC
EVN,BCN
VIE,BCN
LIS,BCN
ESB,BCN
ANK,BCN
SJJ,BCN
PRG,BCN
TLL,BCN
DUB,BCN
OSL,BCN
RYG,BCN
TBS,BCN
KBP,BCN
IEV,BCN
GML,BCN
SVO,BCN
DME,BCN
ZIA,BCN
VKO,BCN
OSF,BCN
CKL,BCN
CDG,BCN
ORY,BCN
LBG,BCN
PRX,BCN
LHR,BCN
LGW,BCN
LCY,BCN
STN,BCN
BQH,BCN
LTN,BCN
NHT,BCN
LOZ,BCN
YXU,BCN
BRU,BCN
CRL,BCN
LUX,BCN
ARN,BCN
BMA,BCN
BRN,BCN
VNO,BCN
WMI,BCN
WAW,BCN
SKP,BCN
BTS,BCN
TSE,BCN
BEG,BCN
BUD,BCN
CPH,BCN
RKE,BCN
RME,BCN
RMG,BCN
CIA,BCN
FCO,BCN
AMS,BCN
HEM,BCN
HEL,BCN
LJU,BCN
MSQ,BCN
TIA,BCN
SOF,BCN
ECN,BCN
SXF,BCN
TXL,BCN
RIX,BCN
TGD,BCN
BBU,BCN
OTP,BCN
KEF,BCN
ZXT,BCN
GYD,BCN
AHN,BCN
ATH,BCN
KIV,BCN
MLA,BCN
ZAG,BCN
EVN,BIO
VIE,BIO
LIS,BIO
ESB,BIO
ANK,BIO
SJJ,BIO
PRG,BIO
TLL,BIO
DUB,BIO
OSL,BIO
RYG,BIO
TBS,BIO
KBP,BIO
IEV,BIO
GML,BIO
SVO,BIO
DME,BIO
ZIA,BIO
VKO,BIO
OSF,BIO
CKL,BIO
CDG,BIO
ORY,BIO
LBG,BIO
PRX,BIO
LHR,BIO
LGW,BIO
LCY,BIO
STN,BIO
BQH,BIO
LTN,BIO
NHT,BIO
LOZ,BIO
YXU,BIO
BRU,BIO
CRL,BIO
LUX,BIO
ARN,BIO
BMA,BIO
BRN,BIO
VNO,BIO
WMI,BIO
WAW,BIO
SKP,BIO
BTS,BIO
TSE,BIO
BEG,BIO
BUD,BIO
CPH,BIO
RKE,BIO
RME,BIO
RMG,BIO
CIA,BIO
FCO,BIO
AMS,BIO
HEM,BIO
HEL,BIO
LJU,BIO
MSQ,BIO
TIA,BIO
SOF,BIO
ECN,BIO
SXF,BIO
TXL,BIO
RIX,BIO
TGD,BIO
BBU,BIO
OTP,BIO
KEF,BIO
ZXT,BIO
GYD,BIO
AHN,BIO
ATH,BIO
KIV,BIO
MLA,BIO
ZAG,BIO
EVN,BJZ
VIE,BJZ
LIS,BJZ
ESB,BJZ
ANK,BJZ
SJJ,BJZ
PRG,BJZ
TLL,BJZ
DUB,BJZ
OSL,BJZ
RYG,BJZ
TBS,BJZ
KBP,BJZ
IEV,BJZ
GML,BJZ
SVO,BJZ
DME,BJZ
ZIA,BJZ
VKO,BJZ
OSF,BJZ
CKL,BJZ
CDG,BJZ
ORY,BJZ
LBG,BJZ
PRX,BJZ
LHR,BJZ
LGW,BJZ
LCY,BJZ
STN,BJZ
BQH,BJZ
LTN,BJZ
NHT,BJZ
LOZ,BJZ
YXU,BJZ
BRU,BJZ
CRL,BJZ
LUX,BJZ
ARN,BJZ
BMA,BJZ
BRN,BJZ
VNO,BJZ
WMI,BJZ
WAW,BJZ
SKP,BJZ
BTS,BJZ
TSE,BJZ
BEG,BJZ
BUD,BJZ
CPH,BJZ
RKE,BJZ
RME,BJZ
RMG,BJZ
CIA,BJZ
FCO,BJZ
AMS,BJZ
HEM,BJZ
HEL,BJZ
LJU,BJZ
MSQ,BJZ
TIA,BJZ
SOF,BJZ
ECN,BJZ
SXF,BJZ
TXL,BJZ
RIX,BJZ
TGD,BJZ
BBU,BJZ
OTP,BJZ
KEF,BJZ
ZXT,BJZ
GYD,BJZ
AHN,BJZ
ATH,BJZ
KIV,BJZ
MLA,BJZ
ZAG,BJZ
EVN,CDT
VIE,CDT
LIS,CDT
ESB,CDT
ANK,CDT
SJJ,CDT
PRG,CDT
TLL,CDT
DUB,CDT
OSL,CDT
RYG,CDT
TBS,CDT
KBP,CDT
IEV,CDT
GML,CDT
SVO,CDT
DME,CDT
ZIA,CDT
VKO,CDT
OSF,CDT
CKL,CDT
CDG,CDT
ORY,CDT
LBG,CDT
PRX,CDT
LHR,CDT
LGW,CDT
LCY,CDT
STN,CDT
BQH,CDT
LTN,CDT
NHT,CDT
LOZ,CDT
YXU,CDT
BRU,CDT
CRL,CDT
LUX,CDT
ARN,CDT
BMA,CDT
BRN,CDT
VNO,CDT
WMI,CDT
WAW,CDT
SKP,CDT
BTS,CDT
TSE,CDT
BEG,CDT
BUD,CDT
CPH,CDT
RKE,CDT
RME,CDT
RMG,CDT
CIA,CDT
FCO,CDT
AMS,CDT
HEM,CDT
HEL,CDT
LJU,CDT
MSQ,CDT
TIA,CDT
SOF,CDT
ECN,CDT
SXF,CDT
TXL,CDT
RIX,CDT
TGD,CDT
BBU,CDT
OTP,CDT
KEF,CDT
ZXT,CDT
GYD,CDT
AHN,CDT
ATH,CDT
KIV,CDT
MLA,CDT
ZAG,CDT
EVN,EAS
VIE,EAS
LIS,EAS
ESB,EAS
ANK,EAS
SJJ,EAS
PRG,EAS
TLL,EAS
DUB,EAS
OSL,EAS
RYG,EAS
TBS,EAS
KBP,EAS
IEV,EAS
GML,EAS
SVO,EAS
DME,EAS
ZIA,EAS
VKO,EAS
OSF,EAS
CKL,EAS
CDG,EAS
ORY,EAS
LBG,EAS
PRX,EAS
LHR,EAS
LGW,EAS
LCY,EAS
STN,EAS
BQH,EAS
LTN,EAS
NHT,EAS
LOZ,EAS
YXU,EAS
BRU,EAS
CRL,EAS
LUX,EAS
ARN,EAS
BMA,EAS
BRN,EAS
VNO,EAS
WMI,EAS
WAW,EAS
SKP,EAS
BTS,EAS
TSE,EAS
BEG,EAS
BUD,EAS
CPH,EAS
RKE,EAS
RME,EAS
RMG,EAS
CIA,EAS
FCO,EAS
AMS,EAS
HEM,EAS
HEL,EAS
LJU,EAS
MSQ,EAS
TIA,EAS
SOF,EAS
ECN,EAS
SXF,EAS
TXL,EAS
RIX,EAS
TGD,EAS
BBU,EAS
OTP,EAS
KEF,EAS
ZXT,EAS
GYD,EAS
AHN,EAS
ATH,EAS
KIV,EAS
MLA,EAS
ZAG,EAS
EVN,FUE
VIE,FUE
LIS,FUE
ESB,FUE
ANK,FUE
SJJ,FUE
PRG,FUE
TLL,FUE
DUB,FUE
OSL,FUE
RYG,FUE
TBS,FUE
KBP,FUE
IEV,FUE
GML,FUE
SVO,FUE
DME,FUE
ZIA,FUE
VKO,FUE
OSF,FUE
CKL,FUE
CDG,FUE
ORY,FUE
LBG,FUE
PRX,FUE
LHR,FUE
LGW,FUE
LCY,FUE
STN,FUE
BQH,FUE
LTN,FUE
NHT,FUE
LOZ,FUE
YXU,FUE
BRU,FUE
CRL,FUE
LUX,FUE
ARN,FUE
BMA,FUE
BRN,FUE
VNO,FUE
WMI,FUE
WAW,FUE
SKP,FUE
BTS,FUE
TSE,FUE
BEG,FUE
BUD,FUE
CPH,FUE
RKE,FUE
RME,FUE
RMG,FUE
CIA,FUE
FCO,FUE
AMS,FUE
HEM,FUE
HEL,FUE
LJU,FUE
MSQ,FUE
TIA,FUE
SOF,FUE
ECN,FUE
SXF,FUE
TXL,FUE
RIX,FUE
TGD,FUE
BBU,FUE
OTP,FUE
KEF,FUE
ZXT,FUE
GYD,FUE
AHN,FUE
ATH,FUE
KIV,FUE
MLA,FUE
ZAG,FUE
EVN,GRO
VIE,GRO
LIS,GRO
ESB,GRO
ANK,GRO
SJJ,GRO
PRG,GRO
TLL,GRO
DUB,GRO
OSL,GRO
RYG,GRO
TBS,GRO
KBP,GRO
IEV,GRO
GML,GRO
SVO,GRO
DME,GRO
ZIA,GRO
VKO,GRO
OSF,GRO
CKL,GRO
CDG,GRO
ORY,GRO
LBG,GRO
PRX,GRO
LHR,GRO
LGW,GRO
LCY,GRO
STN,GRO
BQH,GRO
LTN,GRO
NHT,GRO
LOZ,GRO
YXU,GRO
BRU,GRO
CRL,GRO
LUX,GRO
ARN,GRO
BMA,GRO
BRN,GRO
VNO,GRO
WMI,GRO
WAW,GRO
SKP,GRO
BTS,GRO
TSE,GRO
BEG,GRO
BUD,GRO
CPH,GRO
RKE,GRO
RME,GRO
RMG,GRO
CIA,GRO
FCO,GRO
AMS,GRO
HEM,GRO
HEL,GRO
LJU,GRO
MSQ,GRO
TIA,GRO
SOF,GRO
ECN,GRO
SXF,GRO
TXL,GRO
RIX,GRO
TGD,GRO
BBU,GRO
OTP,GRO
KEF,GRO
ZXT,GRO
GYD,GRO
AHN,GRO
ATH,GRO
KIV,GRO
MLA,GRO
ZAG,GRO
EVN,GRX
VIE,GRX
LIS,GRX
ESB,GRX
ANK,GRX
SJJ,GRX
PRG,GRX
TLL,GRX
DUB,GRX
OSL,GRX
RYG,GRX
TBS,GRX
KBP,GRX
IEV,GRX
GML,GRX
SVO,GRX
DME,GRX
ZIA,GRX
VKO,GRX
OSF,GRX
CKL,GRX
CDG,GRX
ORY,GRX
LBG,GRX
PRX,GRX
LHR,GRX
LGW,GRX
LCY,GRX
STN,GRX
BQH,GRX
LTN,GRX
NHT,GRX
LOZ,GRX
YXU,GRX
BRU,GRX
CRL,GRX
LUX,GRX
ARN,GRX
BMA,GRX
BRN,GRX
VNO,GRX
WMI,GRX
WAW,GRX
SKP,GRX
BTS,GRX
TSE,GRX
BEG,GRX
BUD,GRX
CPH,GRX
RKE,GRX
RME,GRX
RMG,GRX
CIA,GRX
FCO,GRX
AMS,GRX
HEM,GRX
HEL,GRX
LJU,GRX
MSQ,GRX
TIA,GRX
SOF,GRX
ECN,GRX
SXF,GRX
TXL,GRX
RIX,GRX
TGD,GRX
BBU,GRX
OTP,GRX
KEF,GRX
ZXT,GRX
GYD,GRX
AHN,GRX
ATH,GRX
KIV,GRX
MLA,GRX
ZAG,GRX
EVN,IBZ
VIE,IBZ
LIS,IBZ
ESB,IBZ
ANK,IBZ
SJJ,IBZ
PRG,IBZ
TLL,IBZ
DUB,IBZ
OSL,IBZ
RYG,IBZ
TBS,IBZ
KBP,IBZ
IEV,IBZ
GML,IBZ
SVO,IBZ
DME,IBZ
ZIA,IBZ
VKO,IBZ
OSF,IBZ
CKL,IBZ
CDG,IBZ
ORY,IBZ
LBG,IBZ
PRX,IBZ
LHR,IBZ
LGW,IBZ
LCY,IBZ
STN,IBZ
BQH,IBZ
LTN,IBZ
NHT,IBZ
LOZ,IBZ
YXU,IBZ
BRU,IBZ
CRL,IBZ
LUX,IBZ
ARN,IBZ
BMA,IBZ
BRN,IBZ
VNO,IBZ
WMI,IBZ
WAW,IBZ
SKP,IBZ
BTS,IBZ
TSE,IBZ
BEG,IBZ
BUD,IBZ
CPH,IBZ
RKE,IBZ
RME,IBZ
RMG,IBZ
CIA,IBZ
FCO,IBZ
AMS,IBZ
HEM,IBZ
HEL,IBZ
LJU,IBZ
MSQ,IBZ
TIA,IBZ
SOF,IBZ
ECN,IBZ
SXF,IBZ
TXL,IBZ
RIX,IBZ
TGD,IBZ
BBU,IBZ
OTP,IBZ
KEF,IBZ
ZXT,IBZ
GYD,IBZ
AHN,IBZ
ATH,IBZ
KIV,IBZ
MLA,IBZ
ZAG,IBZ
EVN,ILD
VIE,ILD
LIS,ILD
ESB,ILD
ANK,ILD
SJJ,ILD
PRG,ILD
TLL,ILD
DUB,ILD
OSL,ILD
RYG,ILD
TBS,ILD
KBP,ILD
IEV,ILD
GML,ILD
SVO,ILD
DME,ILD
ZIA,ILD
VKO,ILD
OSF,ILD
CKL,ILD
CDG,ILD
ORY,ILD
LBG,ILD
PRX,ILD
LHR,ILD
LGW,ILD
LCY,ILD
STN,ILD
BQH,ILD
LTN,ILD
NHT,ILD
LOZ,ILD
YXU,ILD
BRU,ILD
CRL,ILD
LUX,ILD
ARN,ILD
BMA,ILD
BRN,ILD
VNO,ILD
WMI,ILD
WAW,ILD
SKP,ILD
BTS,ILD
TSE,ILD
BEG,ILD
BUD,ILD
CPH,ILD
RKE,ILD
RME,ILD
RMG,ILD
CIA,ILD
FCO,ILD
AMS,ILD
HEM,ILD
HEL,ILD
LJU,ILD
MSQ,ILD
TIA,ILD
SOF,ILD
ECN,ILD
SXF,ILD
TXL,ILD
RIX,ILD
TGD,ILD
BBU,ILD
OTP,ILD
KEF,ILD
ZXT,ILD
GYD,ILD
AHN,ILD
ATH,ILD
KIV,ILD
MLA,ILD
ZAG,ILD
EVN,LCG
VIE,LCG
LIS,LCG
ESB,LCG
ANK,LCG
SJJ,LCG
PRG,LCG
TLL,LCG
DUB,LCG
OSL,LCG
RYG,LCG
TBS,LCG
KBP,LCG
IEV,LCG
GML,LCG
SVO,LCG
DME,LCG
ZIA,LCG
VKO,LCG
OSF,LCG
CKL,LCG
CDG,LCG
ORY,LCG
LBG,LCG
PRX,LCG
LHR,LCG
LGW,LCG
LCY,LCG
STN,LCG
BQH,LCG
LTN,LCG
NHT,LCG
LOZ,LCG
YXU,LCG
BRU,LCG
CRL,LCG
LUX,LCG
ARN,LCG
BMA,LCG
BRN,LCG
VNO,LCG
WMI,LCG
WAW,LCG
SKP,LCG
BTS,LCG
TSE,LCG
BEG,LCG
BUD,LCG
CPH,LCG
RKE,LCG
RME,LCG
RMG,LCG
CIA,LCG
FCO,LCG
AMS,LCG
HEM,LCG
HEL,LCG
LJU,LCG
MSQ,LCG
TIA,LCG
SOF,LCG
ECN,LCG
SXF,LCG
TXL,LCG
RIX,LCG
TGD,LCG
BBU,LCG
OTP,LCG
KEF,LCG
ZXT,LCG
GYD,LCG
AHN,LCG
ATH,LCG
KIV,LCG
MLA,LCG
ZAG,LCG
EVN,LEI
VIE,LEI
LIS,LEI
ESB,LEI
ANK,LEI
SJJ,LEI
PRG,LEI
TLL,LEI
DUB,LEI
OSL,LEI
RYG,LEI
TBS,LEI
KBP,LEI
IEV,LEI
GML,LEI
SVO,LEI
DME,LEI
ZIA,LEI
VKO,LEI
OSF,LEI
CKL,LEI
CDG,LEI
ORY,LEI
LBG,LEI
PRX,LEI
LHR,LEI
LGW,LEI
LCY,LEI
STN,LEI
BQH,LEI
LTN,LEI
NHT,LEI
LOZ,LEI
YXU,LEI
BRU,LEI
CRL,LEI
LUX,LEI
ARN,LEI
BMA,LEI
BRN,LEI
VNO,LEI
WMI,LEI
WAW,LEI
SKP,LEI
BTS,LEI
TSE,LEI
BEG,LEI
BUD,LEI
CPH,LEI
RKE,LEI
RME,LEI
RMG,LEI
CIA,LEI
FCO,LEI
AMS,LEI
HEM,LEI
HEL,LEI
LJU,LEI
MSQ,LEI
TIA,LEI
SOF,LEI
ECN,LEI
SXF,LEI
TXL,LEI
RIX,LEI
TGD,LEI
BBU,LEI
OTP,LEI
KEF,LEI
ZXT,LEI
GYD,LEI
AHN,LEI
ATH,LEI
KIV,LEI
MLA,LEI
ZAG,LEI
EVN,LEN
VIE,LEN
LIS,LEN
ESB,LEN
ANK,LEN
SJJ,LEN
PRG,LEN
TLL,LEN
DUB,LEN
OSL,LEN
RYG,LEN
TBS,LEN
KBP,LEN
IEV,LEN
GML,LEN
SVO,LEN
DME,LEN
ZIA,LEN
VKO,LEN
OSF,LEN
CKL,LEN
CDG,LEN
ORY,LEN
LBG,LEN
PRX,LEN
LHR,LEN
LGW,LEN
LCY,LEN
STN,LEN
BQH,LEN
LTN,LEN
NHT,LEN
LOZ,LEN
YXU,LEN
BRU,LEN
CRL,LEN
LUX,LEN
ARN,LEN
BMA,LEN
BRN,LEN
VNO,LEN
WMI,LEN
WAW,LEN
SKP,LEN
BTS,LEN
TSE,LEN
BEG,LEN
BUD,LEN
CPH,LEN
RKE,LEN
RME,LEN
RMG,LEN
CIA,LEN
FCO,LEN
AMS,LEN
HEM,LEN
HEL,LEN
LJU,LEN
MSQ,LEN
TIA,LEN
SOF,LEN
ECN,LEN
SXF,LEN
TXL,LEN
RIX,LEN
TGD,LEN
BBU,LEN
OTP,LEN
KEF,LEN
ZXT,LEN
GYD,LEN
AHN,LEN
ATH,LEN
KIV,LEN
MLA,LEN
ZAG,LEN
EVN,LPA
VIE,LPA
LIS,LPA
ESB,LPA
ANK,LPA
SJJ,LPA
PRG,LPA
TLL,LPA
DUB,LPA
OSL,LPA
RYG,LPA
TBS,LPA
KBP,LPA
IEV,LPA
GML,LPA
SVO,LPA
DME,LPA
ZIA,LPA
VKO,LPA
OSF,LPA
CKL,LPA
CDG,LPA
ORY,LPA
LBG,LPA
PRX,LPA
LHR,LPA
LGW,LPA
LCY,LPA
STN,LPA
BQH,LPA
LTN,LPA
NHT,LPA
LOZ,LPA
YXU,LPA
BRU,LPA
CRL,LPA
LUX,LPA
ARN,LPA
BMA,LPA
BRN,LPA
VNO,LPA
WMI,LPA
WAW,LPA
SKP,LPA
BTS,LPA
TSE,LPA
BEG,LPA
BUD,LPA
CPH,LPA
RKE,LPA
RME,LPA
RMG,LPA
CIA,LPA
FCO,LPA
AMS,LPA
HEM,LPA
HEL,LPA
LJU,LPA
MSQ,LPA
TIA,LPA
SOF,LPA
ECN,LPA
SXF,LPA
TXL,LPA
RIX,LPA
TGD,LPA
BBU,LPA
OTP,LPA
KEF,LPA
ZXT,LPA
GYD,LPA
AHN,LPA
ATH,LPA
KIV,LPA
MLA,LPA
ZAG,LPA
EVN,MAH
VIE,MAH
LIS,MAH
ESB,MAH
ANK,MAH
SJJ,MAH
PRG,MAH
TLL,MAH
DUB,MAH
OSL,MAH
RYG,MAH
TBS,MAH
KBP,MAH
IEV,MAH
GML,MAH
SVO,MAH
DME,MAH
ZIA,MAH
VKO,MAH
OSF,MAH
CKL,MAH
CDG,MAH
ORY,MAH
LBG,MAH
PRX,MAH
LHR,MAH
LGW,MAH
LCY,MAH
STN,MAH
BQH,MAH
LTN,MAH
NHT,MAH
LOZ,MAH
YXU,MAH
BRU,MAH
CRL,MAH
LUX,MAH
ARN,MAH
BMA,MAH
BRN,MAH
VNO,MAH
WMI,MAH
WAW,MAH
SKP,MAH
BTS,MAH
TSE,MAH
BEG,MAH
BUD,MAH
CPH,MAH
RKE,MAH
RME,MAH
RMG,MAH
CIA,MAH
FCO,MAH
AMS,MAH
HEM,MAH
HEL,MAH
LJU,MAH
MSQ,MAH
TIA,MAH
SOF,MAH
ECN,MAH
SXF,MAH
TXL,MAH
RIX,MAH
TGD,MAH
BBU,MAH
OTP,MAH
KEF,MAH
ZXT,MAH
GYD,MAH
AHN,MAH
ATH,MAH
KIV,MAH
MLA,MAH
ZAG,MAH
EVN,MJV
VIE,MJV
LIS,MJV
ESB,MJV
ANK,MJV
SJJ,MJV
PRG,MJV
TLL,MJV
DUB,MJV
OSL,MJV
RYG,MJV
TBS,MJV
KBP,MJV
IEV,MJV
GML,MJV
SVO,MJV
DME,MJV
ZIA,MJV
VKO,MJV
OSF,MJV
CKL,MJV
CDG,MJV
ORY,MJV
LBG,MJV
PRX,MJV
LHR,MJV
LGW,MJV
LCY,MJV
STN,MJV
BQH,MJV
LTN,MJV
NHT,MJV
LOZ,MJV
YXU,MJV
BRU,MJV
CRL,MJV
LUX,MJV
ARN,MJV
BMA,MJV
BRN,MJV
VNO,MJV
WMI,MJV
WAW,MJV
SKP,MJV
BTS,MJV
TSE,MJV
BEG,MJV
BUD,MJV
CPH,MJV
RKE,MJV
RME,MJV
RMG,MJV
CIA,MJV
FCO,MJV
AMS,MJV
HEM,MJV
HEL,MJV
LJU,MJV
MSQ,MJV
TIA,MJV
SOF,MJV
ECN,MJV
SXF,MJV
TXL,MJV
RIX,MJV
TGD,MJV
BBU,MJV
OTP,MJV
KEF,MJV
ZXT,MJV
GYD,MJV
AHN,MJV
ATH,MJV
KIV,MJV
MLA,MJV
ZAG,MJV
EVN,MLN
VIE,MLN
LIS,MLN
ESB,MLN
ANK,MLN
SJJ,MLN
PRG,MLN
TLL,MLN
DUB,MLN
OSL,MLN
RYG,MLN
TBS,MLN
KBP,MLN
IEV,MLN
GML,MLN
SVO,MLN
DME,MLN
ZIA,MLN
VKO,MLN
OSF,MLN
CKL,MLN
CDG,MLN
ORY,MLN
LBG,MLN
PRX,MLN
LHR,MLN
LGW,MLN
LCY,MLN
STN,MLN
BQH,MLN
LTN,MLN
NHT,MLN
LOZ,MLN
YXU,MLN
BRU,MLN
CRL,MLN
LUX,MLN
ARN,MLN
BMA,MLN
BRN,MLN
VNO,MLN
WMI,MLN
WAW,MLN
SKP,MLN
BTS,MLN
TSE,MLN
BEG,MLN
BUD,MLN
CPH,MLN
RKE,MLN
RME,MLN
RMG,MLN
CIA,MLN
FCO,MLN
AMS,MLN
HEM,MLN
HEL,MLN
LJU,MLN
MSQ,MLN
TIA,MLN
SOF,MLN
ECN,MLN
SXF,MLN
TXL,MLN
RIX,MLN
TGD,MLN
BBU,MLN
OTP,MLN
KEF,MLN
ZXT,MLN
GYD,MLN
AHN,MLN
ATH,MLN
KIV,MLN
MLA,MLN
ZAG,MLN
EVN,ODB
VIE,ODB
LIS,ODB
ESB,ODB
ANK,ODB
SJJ,ODB
PRG,ODB
TLL,ODB
DUB,ODB
OSL,ODB
RYG,ODB
TBS,ODB
KBP,ODB
IEV,ODB
GML,ODB
SVO,ODB
DME,ODB
ZIA,ODB
VKO,ODB
OSF,ODB
CKL,ODB
CDG,ODB
ORY,ODB
LBG,ODB
PRX,ODB
LHR,ODB
LGW,ODB
LCY,ODB
STN,ODB
BQH,ODB
LTN,ODB
NHT,ODB
LOZ,ODB
YXU,ODB
BRU,ODB
CRL,ODB
LUX,ODB
ARN,ODB
BMA,ODB
BRN,ODB
VNO,ODB
WMI,ODB
WAW,ODB
SKP,ODB
BTS,ODB
TSE,ODB
BEG,ODB
BUD,ODB
CPH,ODB
RKE,ODB
RME,ODB
RMG,ODB
CIA,ODB
FCO,ODB
AMS,ODB
HEM,ODB
HEL,ODB
LJU,ODB
MSQ,ODB
TIA,ODB
SOF,ODB
ECN,ODB
SXF,ODB
TXL,ODB
RIX,ODB
TGD,ODB
BBU,ODB
OTP,ODB
KEF,ODB
ZXT,ODB
GYD,ODB
AHN,ODB
ATH,ODB
KIV,ODB
MLA,ODB
ZAG,ODB
EVN,OVD
VIE,OVD
LIS,OVD
ESB,OVD
ANK,OVD
SJJ,OVD
PRG,OVD
TLL,OVD
DUB,OVD
OSL,OVD
RYG,OVD
TBS,OVD
KBP,OVD
IEV,OVD
GML,OVD
SVO,OVD
DME,OVD
ZIA,OVD
VKO,OVD
OSF,OVD
CKL,OVD
CDG,OVD
ORY,OVD
LBG,OVD
PRX,OVD
LHR,OVD
LGW,OVD
LCY,OVD
STN,OVD
BQH,OVD
LTN,OVD
NHT,OVD
LOZ,OVD
YXU,OVD
BRU,OVD
CRL,OVD
LUX,OVD
ARN,OVD
BMA,OVD
BRN,OVD
VNO,OVD
WMI,OVD
WAW,OVD
SKP,OVD
BTS,OVD
TSE,OVD
BEG,OVD
BUD,OVD
CPH,OVD
RKE,OVD
RME,OVD
RMG,OVD
CIA,OVD
FCO,OVD
AMS,OVD
HEM,OVD
HEL,OVD
LJU,OVD
MSQ,OVD
TIA,OVD
SOF,OVD
ECN,OVD
SXF,OVD
TXL,OVD
RIX,OVD
TGD,OVD
BBU,OVD
OTP,OVD
KEF,OVD
ZXT,OVD
GYD,OVD
AHN,OVD
ATH,OVD
KIV,OVD
MLA,OVD
ZAG,OVD
EVN,PMI
VIE,PMI
LIS,PMI
ESB,PMI
ANK,PMI
SJJ,PMI
PRG,PMI
TLL,PMI
DUB,PMI
OSL,PMI
RYG,PMI
TBS,PMI
KBP,PMI
IEV,PMI
GML,PMI
SVO,PMI
DME,PMI
ZIA,PMI
VKO,PMI
OSF,PMI
CKL,PMI
CDG,PMI
ORY,PMI
LBG,PMI
PRX,PMI
LHR,PMI
LGW,PMI
LCY,PMI
STN,PMI
BQH,PMI
LTN,PMI
NHT,PMI
LOZ,PMI
YXU,PMI
BRU,PMI
CRL,PMI
LUX,PMI
ARN,PMI
BMA,PMI
BRN,PMI
VNO,PMI
WMI,PMI
WAW,PMI
SKP,PMI
BTS,PMI
TSE,PMI
BEG,PMI
BUD,PMI
CPH,PMI
RKE,PMI
RME,PMI
RMG,PMI
CIA,PMI
FCO,PMI
AMS,PMI
HEM,PMI
HEL,PMI
LJU,PMI
MSQ,PMI
TIA,PMI
SOF,PMI
ECN,PMI
SXF,PMI
TXL,PMI
RIX,PMI
TGD,PMI
BBU,PMI
OTP,PMI
KEF,PMI
ZXT,PMI
GYD,PMI
AHN,PMI
ATH,PMI
KIV,PMI
MLA,PMI
ZAG,PMI
EVN,PNA
VIE,PNA
LIS,PNA
ESB,PNA
ANK,PNA
SJJ,PNA
PRG,PNA
TLL,PNA
DUB,PNA
OSL,PNA
RYG,PNA
TBS,PNA
KBP,PNA
IEV,PNA
GML,PNA
SVO,PNA
DME,PNA
ZIA,PNA
VKO,PNA
OSF,PNA
CKL,PNA
CDG,PNA
ORY,PNA
LBG,PNA
PRX,PNA
LHR,PNA
LGW,PNA
LCY,PNA
STN,PNA
BQH,PNA
LTN,PNA
NHT,PNA
LOZ,PNA
YXU,PNA
BRU,PNA
CRL,PNA
LUX,PNA
ARN,PNA
BMA,PNA
BRN,PNA
VNO,PNA
WMI,PNA
WAW,PNA
SKP,PNA
BTS,PNA
TSE,PNA
BEG,PNA
BUD,PNA
CPH,PNA
RKE,PNA
RME,PNA
RMG,PNA
CIA,PNA
FCO,PNA
AMS,PNA
HEM,PNA
HEL,PNA
LJU,PNA
MSQ,PNA
TIA,PNA
SOF,PNA
ECN,PNA
SXF,PNA
TXL,PNA
RIX,PNA
TGD,PNA
BBU,PNA
OTP,PNA
KEF,PNA
ZXT,PNA
GYD,PNA
AHN,PNA
ATH,PNA
KIV,PNA
MLA,PNA
ZAG,PNA
EVN,REU
VIE,REU
LIS,REU
ESB,REU
ANK,REU
SJJ,REU
PRG,REU
TLL,REU
DUB,REU
OSL,REU
RYG,REU
TBS,REU
KBP,REU
IEV,REU
GML,REU
SVO,REU
DME,REU
ZIA,REU
VKO,REU
OSF,REU
CKL,REU
CDG,REU
ORY,REU
LBG,REU
PRX,REU
LHR,REU
LGW,REU
LCY,REU
STN,REU
BQH,REU
LTN,REU
NHT,REU
LOZ,REU
YXU,REU
BRU,REU
CRL,REU
LUX,REU
ARN,REU
BMA,REU
BRN,REU
VNO,REU
WMI,REU
WAW,REU
SKP,REU
BTS,REU
TSE,REU
BEG,REU
BUD,REU
CPH,REU
RKE,REU
RME,REU
RMG,REU
CIA,REU
FCO,REU
AMS,REU
HEM,REU
HEL,REU
LJU,REU
MSQ,REU
TIA,REU
SOF,REU
ECN,REU
SXF,REU
TXL,REU
RIX,REU
TGD,REU
BBU,REU
OTP,REU
KEF,REU
ZXT,REU
GYD,REU
AHN,REU
ATH,REU
KIV,REU
MLA,REU
ZAG,REU
EVN,RGS
VIE,RGS
LIS,RGS
ESB,RGS
ANK,RGS
SJJ,RGS
PRG,RGS
TLL,RGS
DUB,RGS
OSL,RGS
RYG,RGS
TBS,RGS
KBP,RGS
IEV,RGS
GML,RGS
SVO,RGS
DME,RGS
ZIA,RGS
VKO,RGS
OSF,RGS
CKL,RGS
CDG,RGS
ORY,RGS
LBG,RGS
PRX,RGS
LHR,RGS
LGW,RGS
LCY,RGS
STN,RGS
BQH,RGS
LTN,RGS
NHT,RGS
LOZ,RGS
YXU,RGS
BRU,RGS
CRL,RGS
LUX,RGS
ARN,RGS
BMA,RGS
BRN,RGS
VNO,RGS
WMI,RGS
WAW,RGS
SKP,RGS
BTS,RGS
TSE,RGS
BEG,RGS
BUD,RGS
CPH,RGS
RKE,RGS
RME,RGS
RMG,RGS
CIA,RGS
FCO,RGS
AMS,RGS
HEM,RGS
HEL,RGS
LJU,RGS
MSQ,RGS
TIA,RGS
SOF,RGS
ECN,RGS
SXF,RGS
TXL,RGS
RIX,RGS
TGD,RGS
BBU,RGS
OTP,RGS
KEF,RGS
ZXT,RGS
GYD,RGS
AHN,RGS
ATH,RGS
KIV,RGS
MLA,RGS
ZAG,RGS
EVN,RMU
VIE,RMU
LIS,RMU
ESB,RMU
ANK,RMU
SJJ,RMU
PRG,RMU
TLL,RMU
DUB,RMU
OSL,RMU
RYG,RMU
TBS,RMU
KBP,RMU
IEV,RMU
GML,RMU
SVO,RMU
DME,RMU
ZIA,RMU
VKO,RMU
OSF,RMU
CKL,RMU
CDG,RMU
ORY,RMU
LBG,RMU
PRX,RMU
LHR,RMU
LGW,RMU
LCY,RMU
STN,RMU
BQH,RMU
LTN,RMU
NHT,RMU
LOZ,RMU
YXU,RMU
BRU,RMU
CRL,RMU
LUX,RMU
ARN,RMU
BMA,RMU
BRN,RMU
VNO,RMU
WMI,RMU
WAW,RMU
SKP,RMU
BTS,RMU
TSE,RMU
BEG,RMU
BUD,RMU
CPH,RMU
RKE,RMU
RME,RMU
RMG,RMU
CIA,RMU
FCO,RMU
AMS,RMU
HEM,RMU
HEL,RMU
LJU,RMU
MSQ,RMU
TIA,RMU
SOF,RMU
ECN,RMU
SXF,RMU
TXL,RMU
RIX,RMU
TGD,RMU
BBU,RMU
OTP,RMU
KEF,RMU
ZXT,RMU
GYD,RMU
AHN,RMU
ATH,RMU
KIV,RMU
MLA,RMU
ZAG,RMU
EVN,ROZ
VIE,ROZ
LIS,ROZ
ESB,ROZ
ANK,ROZ
SJJ,ROZ
PRG,ROZ
TLL,ROZ
DUB,ROZ
OSL,ROZ
RYG,ROZ
TBS,ROZ
KBP,ROZ
IEV,ROZ
GML,ROZ
SVO,ROZ
DME,ROZ
ZIA,ROZ
VKO,ROZ
OSF,ROZ
CKL,ROZ
CDG,ROZ
ORY,ROZ
LBG,ROZ
PRX,ROZ
LHR,ROZ
LGW,ROZ
LCY,ROZ
STN,ROZ
BQH,ROZ
LTN,ROZ
NHT,ROZ
LOZ,ROZ
YXU,ROZ
BRU,ROZ
CRL,ROZ
LUX,ROZ
ARN,ROZ
BMA,ROZ
BRN,ROZ
VNO,ROZ
WMI,ROZ
WAW,ROZ
SKP,ROZ
BTS,ROZ
TSE,ROZ
BEG,ROZ
BUD,ROZ
CPH,ROZ
RKE,ROZ
RME,ROZ
RMG,ROZ
CIA,ROZ
FCO,ROZ
AMS,ROZ
HEM,ROZ
HEL,ROZ
LJU,ROZ
MSQ,ROZ
TIA,ROZ
SOF,ROZ
ECN,ROZ
SXF,ROZ
TXL,ROZ
RIX,ROZ
TGD,ROZ
BBU,ROZ
OTP,ROZ
KEF,ROZ
ZXT,ROZ
GYD,ROZ
AHN,ROZ
ATH,ROZ
KIV,ROZ
MLA,ROZ
ZAG,ROZ
EVN,SCQ
VIE,SCQ
LIS,SCQ
ESB,SCQ
ANK,SCQ
SJJ,SCQ
PRG,SCQ
TLL,SCQ
DUB,SCQ
OSL,SCQ
RYG,SCQ
TBS,SCQ
KBP,SCQ
IEV,SCQ
GML,SCQ
SVO,SCQ
DME,SCQ
ZIA,SCQ
VKO,SCQ
OSF,SCQ
CKL,SCQ
CDG,SCQ
ORY,SCQ
LBG,SCQ
PRX,SCQ
LHR,SCQ
LGW,SCQ
LCY,SCQ
STN,SCQ
BQH,SCQ
LTN,SCQ
NHT,SCQ
LOZ,SCQ
YXU,SCQ
BRU,SCQ
CRL,SCQ
LUX,SCQ
ARN,SCQ
BMA,SCQ
BRN,SCQ
VNO,SCQ
WMI,SCQ
WAW,SCQ
SKP,SCQ
BTS,SCQ
TSE,SCQ
BEG,SCQ
BUD,SCQ
CPH,SCQ
RKE,SCQ
RME,SCQ
RMG,SCQ
CIA,SCQ
FCO,SCQ
AMS,SCQ
HEM,SCQ
HEL,SCQ
LJU,SCQ
MSQ,SCQ
TIA,SCQ
SOF,SCQ
ECN,SCQ
SXF,SCQ
TXL,SCQ
RIX,SCQ
TGD,SCQ
BBU,SCQ
OTP,SCQ
KEF,SCQ
ZXT,SCQ
GYD,SCQ
AHN,SCQ
ATH,SCQ
KIV,SCQ
MLA,SCQ
ZAG,SCQ
EVN,SDR
VIE,SDR
LIS,SDR
ESB,SDR
ANK,SDR
SJJ,SDR
PRG,SDR
TLL,SDR
DUB,SDR
OSL,SDR
RYG,SDR
TBS,SDR
KBP,SDR
IEV,SDR
GML,SDR
SVO,SDR
DME,SDR
ZIA,SDR
VKO,SDR
OSF,SDR
CKL,SDR
CDG,SDR
ORY,SDR
LBG,SDR
PRX,SDR
LHR,SDR
LGW,SDR
LCY,SDR
STN,SDR
BQH,SDR
LTN,SDR
NHT,SDR
LOZ,SDR
YXU,SDR
BRU,SDR
CRL,SDR
LUX,SDR
ARN,SDR
BMA,SDR
BRN,SDR
VNO,SDR
WMI,SDR
WAW,SDR
SKP,SDR
BTS,SDR
TSE,SDR
BEG,SDR
BUD,SDR
CPH,SDR
RKE,SDR
RME,SDR
RMG,SDR
CIA,SDR
FCO,SDR
AMS,SDR
HEM,SDR
HEL,SDR
LJU,SDR
MSQ,SDR
TIA,SDR
SOF,SDR
ECN,SDR
SXF,SDR
TXL,SDR
RIX,SDR
TGD,SDR
BBU,SDR
OTP,SDR
KEF,SDR
ZXT,SDR
GYD,SDR
AHN,SDR
ATH,SDR
KIV,SDR
MLA,SDR
ZAG,SDR
EVN,SLM
VIE,SLM
LIS,SLM
ESB,SLM
ANK,SLM
SJJ,SLM
PRG,SLM
TLL,SLM
DUB,SLM
OSL,SLM
RYG,SLM
TBS,SLM
KBP,SLM
IEV,SLM
GML,SLM
SVO,SLM
DME,SLM
ZIA,SLM
VKO,SLM
OSF,SLM
CKL,SLM
CDG,SLM
ORY,SLM
LBG,SLM
PRX,SLM
LHR,SLM
LGW,SLM
LCY,SLM
STN,SLM
BQH,SLM
LTN,SLM
NHT,SLM
LOZ,SLM
YXU,SLM
BRU,SLM
CRL,SLM
LUX,SLM
ARN,SLM
BMA,SLM
BRN,SLM
VNO,SLM
WMI,SLM
WAW,SLM
SKP,SLM
BTS,SLM
TSE,SLM
BEG,SLM
BUD,SLM
CPH,SLM
RKE,SLM
RME,SLM
RMG,SLM
CIA,SLM
FCO,SLM
AMS,SLM
HEM,SLM
HEL,SLM
LJU,SLM
MSQ,SLM
TIA,SLM
SOF,SLM
ECN,SLM
SXF,SLM
TXL,SLM
RIX,SLM
TGD,SLM
BBU,SLM
OTP,SLM
KEF,SLM
ZXT,SLM
GYD,SLM
AHN,SLM
ATH,SLM
KIV,SLM
MLA,SLM
ZAG,SLM
EVN,SPC
VIE,SPC
LIS,SPC
ESB,SPC
ANK,SPC
SJJ,SPC
PRG,SPC
TLL,SPC
DUB,SPC
OSL,SPC
RYG,SPC
TBS,SPC
KBP,SPC
IEV,SPC
GML,SPC
SVO,SPC
DME,SPC
ZIA,SPC
VKO,SPC
OSF,SPC
CKL,SPC
CDG,SPC
ORY,SPC
LBG,SPC
PRX,SPC
LHR,SPC
LGW,SPC
LCY,SPC
STN,SPC
BQH,SPC
LTN,SPC
NHT,SPC
LOZ,SPC
YXU,SPC
BRU,SPC
CRL,SPC
LUX,SPC
ARN,SPC
BMA,SPC
BRN,SPC
VNO,SPC
WMI,SPC
WAW,SPC
SKP,SPC
BTS,SPC
TSE,SPC
BEG,SPC
BUD,SPC
CPH,SPC
RKE,SPC
RME,SPC
RMG,SPC
CIA,SPC
FCO,SPC
AMS,SPC
HEM,SPC
HEL,SPC
LJU,SPC
MSQ,SPC
TIA,SPC
SOF,SPC
ECN,SPC
SXF,SPC
TXL,SPC
RIX,SPC
TGD,SPC
BBU,SPC
OTP,SPC
KEF,SPC
ZXT,SPC
GYD,SPC
AHN,SPC
ATH,SPC
KIV,SPC
MLA,SPC
ZAG,SPC
EVN,SVQ
VIE,SVQ
LIS,SVQ
ESB,SVQ
ANK,SVQ
SJJ,SVQ
PRG,SVQ
TLL,SVQ
DUB,SVQ
OSL,SVQ
RYG,SVQ
TBS,SVQ
KBP,SVQ
IEV,SVQ
GML,SVQ
SVO,SVQ
DME,SVQ
ZIA,SVQ
VKO,SVQ
OSF,SVQ
CKL,SVQ
CDG,SVQ
ORY,SVQ
LBG,SVQ
PRX,SVQ
LHR,SVQ
LGW,SVQ
LCY,SVQ
STN,SVQ
BQH,SVQ
LTN,SVQ
NHT,SVQ
LOZ,SVQ
YXU,SVQ
BRU,SVQ
CRL,SVQ
LUX,SVQ
ARN,SVQ
BMA,SVQ
BRN,SVQ
VNO,SVQ
WMI,SVQ
WAW,SVQ
SKP,SVQ
BTS,SVQ
TSE,SVQ
BEG,SVQ
BUD,SVQ
CPH,SVQ
RKE,SVQ
RME,SVQ
RMG,SVQ
CIA,SVQ
FCO,SVQ
AMS,SVQ
HEM,SVQ
HEL,SVQ
LJU,SVQ
MSQ,SVQ
TIA,SVQ
SOF,SVQ
ECN,SVQ
SXF,SVQ
TXL,SVQ
RIX,SVQ
TGD,SVQ
BBU,SVQ
OTP,SVQ
KEF,SVQ
ZXT,SVQ
GYD,SVQ
AHN,SVQ
ATH,SVQ
KIV,SVQ
MLA,SVQ
ZAG,SVQ
EVN,TEV
VIE,TEV
LIS,TEV
ESB,TEV
ANK,TEV
SJJ,TEV
PRG,TEV
TLL,TEV
DUB,TEV
OSL,TEV
RYG,TEV
TBS,TEV
KBP,TEV
IEV,TEV
GML,TEV
SVO,TEV
DME,TEV
ZIA,TEV
VKO,TEV
OSF,TEV
CKL,TEV
CDG,TEV
ORY,TEV
LBG,TEV
PRX,TEV
LHR,TEV
LGW,TEV
LCY,TEV
STN,TEV
BQH,TEV
LTN,TEV
NHT,TEV
LOZ,TEV
YXU,TEV
BRU,TEV
CRL,TEV
LUX,TEV
ARN,TEV
BMA,TEV
BRN,TEV
VNO,TEV
WMI,TEV
WAW,TEV
SKP,TEV
BTS,TEV
TSE,TEV
BEG,TEV
BUD,TEV
CPH,TEV
RKE,TEV
RME,TEV
RMG,TEV
CIA,TEV
FCO,TEV
AMS,TEV
HEM,TEV
HEL,TEV
LJU,TEV
MSQ,TEV
TIA,TEV
SOF,TEV
ECN,TEV
SXF,TEV
TXL,TEV
RIX,TEV
TGD,TEV
BBU,TEV
OTP,TEV
KEF,TEV
ZXT,TEV
GYD,TEV
AHN,TEV
ATH,TEV
KIV,TEV
MLA,TEV
ZAG,TEV
EVN,TFN
VIE,TFN
LIS,TFN
ESB,TFN
ANK,TFN
SJJ,TFN
PRG,TFN
TLL,TFN
DUB,TFN
OSL,TFN
RYG,TFN
TBS,TFN
KBP,TFN
IEV,TFN
GML,TFN
SVO,TFN
DME,TFN
ZIA,TFN
VKO,TFN
OSF,TFN
CKL,TFN
CDG,TFN
ORY,TFN
LBG,TFN
PRX,TFN
LHR,TFN
LGW,TFN
LCY,TFN
STN,TFN
BQH,TFN
LTN,TFN
NHT,TFN
LOZ,TFN
YXU,TFN
BRU,TFN
CRL,TFN
LUX,TFN
ARN,TFN
BMA,TFN
BRN,TFN
VNO,TFN
WMI,TFN
WAW,TFN
SKP,TFN
BTS,TFN
TSE,TFN
BEG,TFN
BUD,TFN
CPH,TFN
RKE,TFN
RME,TFN
RMG,TFN
CIA,TFN
FCO,TFN
AMS,TFN
HEM,TFN
HEL,TFN
LJU,TFN
MSQ,TFN
TIA,TFN
SOF,TFN
ECN,TFN
SXF,TFN
TXL,TFN
RIX,TFN
TGD,TFN
BBU,TFN
OTP,TFN
KEF,TFN
ZXT,TFN
GYD,TFN
AHN,TFN
ATH,TFN
KIV,TFN
MLA,TFN
ZAG,TFN
EVN,TFS
VIE,TFS
LIS,TFS
ESB,TFS
ANK,TFS
SJJ,TFS
PRG,TFS
TLL,TFS
DUB,TFS
OSL,TFS
RYG,TFS
TBS,TFS
KBP,TFS
IEV,TFS
GML,TFS
SVO,TFS
DME,TFS
ZIA,TFS
VKO,TFS
OSF,TFS
CKL,TFS
CDG,TFS
ORY,TFS
LBG,TFS
PRX,TFS
LHR,TFS
LGW,TFS
LCY,TFS
STN,TFS
BQH,TFS
LTN,TFS
NHT,TFS
LOZ,TFS
YXU,TFS
BRU,TFS
CRL,TFS
LUX,TFS
ARN,TFS
BMA,TFS
BRN,TFS
VNO,TFS
WMI,TFS
WAW,TFS
SKP,TFS
BTS,TFS
TSE,TFS
BEG,TFS
BUD,TFS
CPH,TFS
RKE,TFS
RME,TFS
RMG,TFS
CIA,TFS
FCO,TFS
AMS,TFS
HEM,TFS
HEL,TFS
LJU,TFS
MSQ,TFS
TIA,TFS
SOF,TFS
ECN,TFS
SXF,TFS
TXL,TFS
RIX,TFS
TGD,TFS
BBU,TFS
OTP,TFS
KEF,TFS
ZXT,TFS
GYD,TFS
AHN,TFS
ATH,TFS
KIV,TFS
MLA,TFS
ZAG,TFS
EVN,VDE
VIE,VDE
LIS,VDE
ESB,VDE
ANK,VDE
SJJ,VDE
PRG,VDE
TLL,VDE
DUB,VDE
OSL,VDE
RYG,VDE
TBS,VDE
KBP,VDE
IEV,VDE
GML,VDE
SVO,VDE
DME,VDE
ZIA,VDE
VKO,VDE
OSF,VDE
CKL,VDE
CDG,VDE
ORY,VDE
LBG,VDE
PRX,VDE
LHR,VDE
LGW,VDE
LCY,VDE
STN,VDE
BQH,VDE
LTN,VDE
NHT,VDE
LOZ,VDE
YXU,VDE
BRU,VDE
CRL,VDE
LUX,VDE
ARN,VDE
BMA,VDE
BRN,VDE
VNO,VDE
WMI,VDE
WAW,VDE
SKP,VDE
BTS,VDE
TSE,VDE
BEG,VDE
BUD,VDE
CPH,VDE
RKE,VDE
RME,VDE
RMG,VDE
CIA,VDE
FCO,VDE
AMS,VDE
HEM,VDE
HEL,VDE
LJU,VDE
MSQ,VDE
TIA,VDE
SOF,VDE
ECN,VDE
SXF,VDE
TXL,VDE
RIX,VDE
TGD,VDE
BBU,VDE
OTP,VDE
KEF,VDE
ZXT,VDE
GYD,VDE
AHN,VDE
ATH,VDE
KIV,VDE
MLA,VDE
ZAG,VDE
EVN,VGO
VIE,VGO
LIS,VGO
ESB,VGO
ANK,VGO
SJJ,VGO
PRG,VGO
TLL,VGO
DUB,VGO
OSL,VGO
RYG,VGO
TBS,VGO
KBP,VGO
IEV,VGO
GML,VGO
SVO,VGO
DME,VGO
ZIA,VGO
VKO,VGO
OSF,VGO
CKL,VGO
CDG,VGO
ORY,VGO
LBG,VGO
PRX,VGO
LHR,VGO
LGW,VGO
LCY,VGO
STN,VGO
BQH,VGO
LTN,VGO
NHT,VGO
LOZ,VGO
YXU,VGO
BRU,VGO
CRL,VGO
LUX,VGO
ARN,VGO
BMA,VGO
BRN,VGO
VNO,VGO
WMI,VGO
WAW,VGO
SKP,VGO
BTS,VGO
TSE,VGO
BEG,VGO
BUD,VGO
CPH,VGO
RKE,VGO
RME,VGO
RMG,VGO
CIA,VGO
FCO,VGO
AMS,VGO
HEM,VGO
HEL,VGO
LJU,VGO
MSQ,VGO
TIA,VGO
SOF,VGO
ECN,VGO
SXF,VGO
TXL,VGO
RIX,VGO
TGD,VGO
BBU,VGO
OTP,VGO
KEF,VGO
ZXT,VGO
GYD,VGO
AHN,VGO
ATH,VGO
KIV,VGO
MLA,VGO
ZAG,VGO
EVN,VIT
VIE,VIT
LIS,VIT
ESB,VIT
ANK,VIT
SJJ,VIT
PRG,VIT
TLL,VIT
DUB,VIT
OSL,VIT
RYG,VIT
TBS,VIT
KBP,VIT
IEV,VIT
GML,VIT
SVO,VIT
DME,VIT
ZIA,VIT
VKO,VIT
OSF,VIT
CKL,VIT
CDG,VIT
ORY,VIT
LBG,VIT
PRX,VIT
LHR,VIT
LGW,VIT
LCY,VIT
STN,VIT
BQH,VIT
LTN,VIT
NHT,VIT
LOZ,VIT
YXU,VIT
BRU,VIT
CRL,VIT
LUX,VIT
ARN,VIT
BMA,VIT
BRN,VIT
VNO,VIT
WMI,VIT
WAW,VIT
SKP,VIT
BTS,VIT
TSE,VIT
BEG,VIT
BUD,VIT
CPH,VIT
RKE,VIT
RME,VIT
RMG,VIT
CIA,VIT
FCO,VIT
AMS,VIT
HEM,VIT
HEL,VIT
LJU,VIT
MSQ,VIT
TIA,VIT
SOF,VIT
ECN,VIT
SXF,VIT
TXL,VIT
RIX,VIT
TGD,VIT
BBU,VIT
OTP,VIT
KEF,VIT
ZXT,VIT
GYD,VIT
AHN,VIT
ATH,VIT
KIV,VIT
MLA,VIT
ZAG,VIT
EVN,VLC
VIE,VLC
LIS,VLC
ESB,VLC
ANK,VLC
SJJ,VLC
PRG,VLC
TLL,VLC
DUB,VLC
OSL,VLC
RYG,VLC
TBS,VLC
KBP,VLC
IEV,VLC
GML,VLC
SVO,VLC
DME,VLC
ZIA,VLC
VKO,VLC
OSF,VLC
CKL,VLC
CDG,VLC
ORY,VLC
LBG,VLC
PRX,VLC
LHR,VLC
LGW,VLC
LCY,VLC
STN,VLC
BQH,VLC
LTN,VLC
NHT,VLC
LOZ,VLC
YXU,VLC
BRU,VLC
CRL,VLC
LUX,VLC
ARN,VLC
BMA,VLC
BRN,VLC
VNO,VLC
WMI,VLC
WAW,VLC
SKP,VLC
BTS,VLC
TSE,VLC
BEG,VLC
BUD,VLC
CPH,VLC
RKE,VLC
RME,VLC
RMG,VLC
CIA,VLC
FCO,VLC
AMS,VLC
HEM,VLC
HEL,VLC
LJU,VLC
MSQ,VLC
TIA,VLC
SOF,VLC
ECN,VLC
SXF,VLC
TXL,VLC
RIX,VLC
TGD,VLC
BBU,VLC
OTP,VLC
KEF,VLC
ZXT,VLC
GYD,VLC
AHN,VLC
ATH,VLC
KIV,VLC
MLA,VLC
ZAG,VLC
EVN,VLL
VIE,VLL
LIS,VLL
ESB,VLL
ANK,VLL
SJJ,VLL
PRG,VLL
TLL,VLL
DUB,VLL
OSL,VLL
RYG,VLL
TBS,VLL
KBP,VLL
IEV,VLL
GML,VLL
SVO,VLL
DME,VLL
ZIA,VLL
VKO,VLL
OSF,VLL
CKL,VLL
CDG,VLL
ORY,VLL
LBG,VLL
PRX,VLL
LHR,VLL
LGW,VLL
LCY,VLL
STN,VLL
BQH,VLL
LTN,VLL
NHT,VLL
LOZ,VLL
YXU,VLL
BRU,VLL
CRL,VLL
LUX,VLL
ARN,VLL
BMA,VLL
BRN,VLL
VNO,VLL
WMI,VLL
WAW,VLL
SKP,VLL
BTS,VLL
TSE,VLL
BEG,VLL
BUD,VLL
CPH,VLL
RKE,VLL
RME,VLL
RMG,VLL
CIA,VLL
FCO,VLL
AMS,VLL
HEM,VLL
HEL,VLL
LJU,VLL
MSQ,VLL
TIA,VLL
SOF,VLL
ECN,VLL
SXF,VLL
TXL,VLL
RIX,VLL
TGD,VLL
BBU,VLL
OTP,VLL
KEF,VLL
ZXT,VLL
GYD,VLL
AHN,VLL
ATH,VLL
KIV,VLL
MLA,VLL
ZAG,VLL
EVN,XRY
VIE,XRY
LIS,XRY
ESB,XRY
ANK,XRY
SJJ,XRY
PRG,XRY
TLL,XRY
DUB,XRY
OSL,XRY
RYG,XRY
TBS,XRY
KBP,XRY
IEV,XRY
GML,XRY
SVO,XRY
DME,XRY
ZIA,XRY
VKO,XRY
OSF,XRY
CKL,XRY
CDG,XRY
ORY,XRY
LBG,XRY
PRX,XRY
LHR,XRY
LGW,XRY
LCY,XRY
STN,XRY
BQH,XRY
LTN,XRY
NHT,XRY
LOZ,XRY
YXU,XRY
BRU,XRY
CRL,XRY
LUX,XRY
ARN,XRY
BMA,XRY
BRN,XRY
VNO,XRY
WMI,XRY
WAW,XRY
SKP,XRY
BTS,XRY
TSE,XRY
BEG,XRY
BUD,XRY
CPH,XRY
RKE,XRY
RME,XRY
RMG,XRY
CIA,XRY
FCO,XRY
AMS,XRY
HEM,XRY
HEL,XRY
LJU,XRY
MSQ,XRY
TIA,XRY
SOF,XRY
ECN,XRY
SXF,XRY
TXL,XRY
RIX,XRY
TGD,XRY
BBU,XRY
OTP,XRY
KEF,XRY
ZXT,XRY
GYD,XRY
AHN,XRY
ATH,XRY
KIV,XRY
MLA,XRY
ZAG,XRY
EVN,ZAZ
VIE,ZAZ
LIS,ZAZ
ESB,ZAZ
ANK,ZAZ
SJJ,ZAZ
PRG,ZAZ
TLL,ZAZ
DUB,ZAZ
OSL,ZAZ
RYG,ZAZ
TBS,ZAZ
KBP,ZAZ
IEV,ZAZ
GML,ZAZ
SVO,ZAZ
DME,ZAZ
ZIA,ZAZ
VKO,ZAZ
OSF,ZAZ
CKL,ZAZ
CDG,ZAZ
ORY,ZAZ
LBG,ZAZ
PRX,ZAZ
LHR,ZAZ
LGW,ZAZ
LCY,ZAZ
STN,ZAZ
BQH,ZAZ
LTN,ZAZ
NHT,ZAZ
LOZ,ZAZ
YXU,ZAZ
BRU,ZAZ
CRL,ZAZ
LUX,ZAZ
ARN,ZAZ
BMA,ZAZ
BRN,ZAZ
VNO,ZAZ
WMI,ZAZ
WAW,ZAZ
SKP,ZAZ
BTS,ZAZ
TSE,ZAZ
BEG,ZAZ
BUD,ZAZ
CPH,ZAZ
RKE,ZAZ
RME,ZAZ
RMG,ZAZ
CIA,ZAZ
FCO,ZAZ
AMS,ZAZ
HEM,ZAZ
HEL,ZAZ
LJU,ZAZ
MSQ,ZAZ
TIA,ZAZ
SOF,ZAZ
ECN,ZAZ
SXF,ZAZ
TXL,ZAZ
RIX,ZAZ
TGD,ZAZ
BBU,ZAZ
OTP,ZAZ
KEF,ZAZ
ZXT,ZAZ
GYD,ZAZ
AHN,ZAZ
ATH,ZAZ
KIV,ZAZ
MLA,ZAZ
ZAG,ZAZ